catalogue_id,pdf_page_number_english,issue_page_number_bengali,article
ochs_b_000_005,2,১,প্রেম প্রদীপ | প্রথম প্রভা
ochs_b_000_005,5,৪,প্রেম প্রদীপ | দ্বিতীয় প্রভা
ochs_b_000_005,10,১৭,বেদান্ত শাস্ত্র
ochs_b_000_005,11,১৮,ব্রিটিস রাজ্য ও বৈষ্ণব বৃন্দ
ochs_b_000_005,12,১৯,শ্রী দয়ানন্দ সরস্বতী ও তন্ত্র শাস্ত্র
ochs_b_000_005,17,২৪,দান ধর্ম ও পাদরী ডল সাহেব
ochs_b_000_005,23,৩০,জীব তত্ত্ব
ochs_b_000_005,24,৩১,নর্ম্মদা নদীর জল প্রপাত ও তত্তীরস্থ শ্বেত পর্ব্বত
ochs_b_000_005,28,৩৫,দেহ তত্ত্ব
ochs_b_000_005,30,৩৭,প্রাপ্ত
ochs_b_000_005,31,৩৮,প্রেম প্রদীপ | তৃতীয় প্রভা
